Function/Domain name,磁盘费用,本地机器费用,合计费用
SoCDV & SYSIPDV,4.3316,2.113300552660393,6.444900552660393
